City_ID,City,Country,Lat,Lng,Max Temp,Humidity,Cloudiness,Wind Speed,Current Description
0,Soweto,ZA,-26.2678,27.8585,52.77,21,0,6.89,clear sky
1,San Carlos De Bariloche,AR,-41.1456,-71.3082,42.55,56,75,9.13,broken clouds
2,Bluff,NZ,-46.6,168.3333,48.25,69,90,7.58,overcast clouds
3,Bredasdorp,ZA,-34.5322,20.0403,54.81,69,0,2.19,clear sky
4,Tevaitoa,PF,-16.7833,-151.5,81.14,71,85,8.9,overcast clouds
5,Fortuna,US,40.5982,-124.1573,68.18,68,20,8.99,few clouds
6,Tuatapere,NZ,-46.1333,167.6833,39.92,89,6,3.85,clear sky
7,Tasiilaq,GL,65.6145,-37.6368,39.36,98,100,7.38,light rain
8,Port Elizabeth,ZA,-33.918,25.5701,59.09,79,0,14.74,clear sky
9,Punta Arenas,CL,-53.15,-70.9167,39.31,87,20,7.56,few clouds
10,Lebu,CL,-37.6167,-73.65,52.84,68,85,10.22,light rain
11,Jacareacanga,BR,-6.2222,-57.7528,94.37,38,20,5.08,few clouds
12,Hilo,US,19.7297,-155.09,80.28,75,1,5.75,clear sky
13,Manakara,MG,-22.1333,48.0167,70.54,86,29,6.67,moderate rain
14,Los Llanos De Aridane,ES,28.6585,-17.9182,67.75,70,40,12.12,scattered clouds
15,Kapaa,US,22.0752,-159.319,77.32,78,40,1.01,scattered clouds
16,Olafsvik,IS,64.8945,-23.7142,47.89,89,100,6.33,light rain
17,Anchorage,US,61.2181,-149.9003,58.32,63,31,1.01,scattered clouds
18,Albany,US,42.6001,-73.9662,87.69,52,21,3.0,few clouds
19,Jiuquan,CN,39.7432,98.5174,72.18,36,100,19.37,moderate rain
20,Avarua,CK,-21.2078,-159.775,71.65,94,75,10.36,broken clouds
21,Nagornyy,RU,52.7959,83.5498,49.35,77,29,5.97,scattered clouds
22,Puerto Ayora,EC,-0.7393,-90.3518,82.36,84,96,7.0,overcast clouds
23,Nikolskoye,RU,59.7035,30.7861,73.29,61,79,4.25,broken clouds
24,Snyder,US,32.7179,-100.9176,78.53,69,75,4.61,broken clouds
25,Kaitangata,NZ,-46.2817,169.8464,44.92,79,100,5.41,overcast clouds
26,Barrow,US,71.2906,-156.7887,30.22,93,90,10.36,mist
27,Kuytun,RU,54.3419,101.5036,52.79,94,100,16.51,light rain
28,Longyearbyen,SJ,78.2186,15.6401,33.64,75,75,13.8,broken clouds
29,Thunder Bay,CA,48.4001,-89.3168,70.56,74,71,6.87,broken clouds
30,Guerrero Negro,MX,27.9769,-114.0611,71.71,53,4,11.65,clear sky
31,Vaini,TO,-21.2,-175.2,66.36,88,20,1.14,few clouds
32,Angoche,MZ,-16.2325,39.9086,70.9,79,14,13.27,light rain
33,Rikitea,PF,-23.1203,-134.9692,75.58,80,100,10.25,overcast clouds
34,Ribeira Grande,PT,38.5167,-28.7,70.2,78,20,11.5,few clouds
35,Pangai,TO,-19.8,-174.35,74.64,66,42,14.83,scattered clouds
36,Jamestown,US,42.097,-79.2353,84.09,41,1,14.97,clear sky
37,Bobrovka,RU,54.047,61.7455,57.25,47,0,2.57,clear sky
38,Mumbwa,ZM,-14.9783,27.0619,61.29,47,21,6.17,few clouds
39,Busselton,AU,-33.65,115.3333,56.08,79,16,11.21,few clouds
40,Dudinka,RU,69.4058,86.1778,30.02,94,99,6.35,overcast clouds
41,Vao,NC,-22.6667,167.4833,71.17,82,100,23.53,overcast clouds
42,Katsuura,JP,35.1333,140.3,71.71,90,90,12.46,overcast clouds
43,Chapais,CA,49.7834,-74.8492,58.78,86,100,8.77,overcast clouds
44,Adrar,MR,20.5022,-10.0711,104.23,12,3,18.95,clear sky
45,Khatanga,RU,71.9667,102.5,32.36,89,96,6.91,overcast clouds
46,Upernavik,GL,72.7868,-56.1549,37.42,84,56,2.59,broken clouds
47,Butaritari,KI,3.0707,172.7902,82.4,70,42,6.58,scattered clouds
48,Bermeo,ES,43.4209,-2.7215,70.11,68,13,9.53,few clouds
49,Saint-Philippe,RE,-21.3585,55.7679,74.75,84,44,5.01,light rain
50,Fare,PF,-16.7,-151.0167,80.49,73,88,8.88,overcast clouds
51,East London,ZA,-33.0153,27.9116,61.34,78,7,10.8,clear sky
52,Kahului,US,20.8947,-156.47,77.85,76,14,10.0,few clouds
53,Sao Filipe,CV,14.8961,-24.4956,78.42,64,35,12.46,scattered clouds
54,Mataura,NZ,-46.1927,168.8643,39.6,95,52,0.51,broken clouds
55,Praia Da Vitoria,PT,38.7333,-27.0667,70.75,78,41,3.24,scattered clouds
56,Poddorye,RU,57.4695,31.1156,66.15,68,42,6.15,scattered clouds
57,Hermanus,ZA,-34.4187,19.2345,60.6,61,0,5.57,clear sky
58,Mahebourg,MU,-20.4081,57.7,74.25,74,16,8.7,few clouds
59,Hithadhoo,MV,-0.6,73.0833,82.94,75,100,13.38,overcast clouds
60,Ekhabi,RU,53.5102,142.9671,34.23,97,100,14.99,light rain
61,Dikson,RU,73.5069,80.5464,30.72,98,99,13.82,light snow
62,Alihe,CN,50.5667,123.7167,44.24,77,0,3.49,clear sky
63,Tabuk,PH,17.4189,121.4443,77.65,82,100,1.52,overcast clouds
64,Shelburne,CA,44.0787,-80.2041,83.28,40,100,18.34,overcast clouds
65,Cherskiy,RU,68.75,161.3,58.87,44,46,14.23,scattered clouds
66,Padang,ID,-0.9492,100.3543,76.01,85,100,3.67,overcast clouds
67,Atuona,PF,-9.8,-139.0333,78.8,75,90,13.56,light rain
68,Neryungri,RU,56.6709,124.6491,50.97,56,0,5.39,clear sky
69,Rocha,UY,-34.4833,-54.3333,58.69,98,100,8.9,moderate rain
70,Saskylakh,RU,71.9167,114.0833,36.88,78,97,4.47,overcast clouds
71,Santa Rosa,PH,14.3122,121.1114,85.1,86,7,5.77,clear sky
72,Port Lincoln,AU,-34.7333,135.8667,57.94,92,63,11.92,broken clouds
73,Ushuaia,AR,-54.8,-68.3,35.22,80,40,3.44,scattered clouds
74,Severo-Kurilsk,RU,50.6789,156.125,42.04,95,100,20.8,moderate rain
75,Isangel,VU,-19.55,169.2667,74.7,82,86,6.91,overcast clouds
76,Salinopolis,BR,-0.6136,-47.3561,85.53,66,10,11.83,clear sky
77,Torbay,CA,47.6666,-52.7314,58.87,90,90,6.91,overcast clouds
78,Chernyshevskiy,RU,63.0128,112.4714,45.43,51,100,1.07,overcast clouds
79,Bengkulu,ID,-3.8004,102.2655,76.21,91,22,4.7,few clouds
80,Caravelas,BR,-17.7125,-39.2481,78.57,73,33,8.43,scattered clouds
81,Vuktyl,RU,63.8567,57.3094,65.41,52,80,5.55,broken clouds
82,Port Augusta,AU,-32.5,137.7667,50.14,74,6,5.08,clear sky
83,Camacupa,AO,-12.0167,17.4833,62.44,33,53,1.54,broken clouds
84,Cape Town,ZA,-33.9258,18.4232,60.35,60,0,3.85,clear sky
85,Awjilah,LY,29.1081,21.2869,87.71,14,0,10.87,clear sky
86,Saint George,US,37.1041,-113.5841,99.07,15,3,1.01,clear sky
87,Pisco,PE,-13.7,-76.2167,65.01,85,48,7.36,scattered clouds
88,Bilibino,RU,68.0546,166.4372,54.19,56,89,6.4,overcast clouds
89,Victoria,HK,22.2855,114.1577,82.33,75,58,5.01,broken clouds
90,Manyana,BW,-23.4,21.7167,54.09,40,0,8.39,clear sky
91,Port Hardy,CA,50.6996,-127.4199,51.98,87,75,3.44,light rain
92,Shimoda,JP,34.6667,138.95,71.17,86,98,13.18,overcast clouds
93,Mar Del Plata,AR,-38.0023,-57.5575,62.1,65,0,1.99,clear sky
94,Shiyan,CN,32.6475,110.7781,71.92,60,0,4.74,clear sky
95,Codrington,AU,-38.2667,141.9667,52.7,92,100,7.76,overcast clouds
96,Aqtobe,KZ,50.2797,57.2072,66.29,19,0,8.95,clear sky
97,Oussouye,SN,12.485,-16.5469,87.19,52,92,11.79,overcast clouds
98,Nipawin,CA,53.3668,-104.0009,67.39,72,100,4.97,overcast clouds
99,Bogorodskoye,RU,56.55,37.8833,61.59,75,90,5.66,overcast clouds
100,Coquimbo,CL,-29.9533,-71.3436,58.73,82,75,3.78,broken clouds
101,San Quintin,MX,30.4833,-115.95,67.71,65,10,8.77,clear sky
102,Hobart,AU,-42.8794,147.3294,46.06,74,75,1.99,broken clouds
103,Gat,IL,31.61,34.7642,75.81,4,0,10.36,clear sky
104,Khilok,RU,51.3674,110.4676,57.07,46,41,4.88,scattered clouds
105,Hun,LY,29.1268,15.9477,89.1,12,40,13.44,scattered clouds
106,Mujiayingzi,CN,42.1167,118.7833,58.64,52,19,3.27,few clouds
107,Airai,TL,-8.9266,125.4092,57.61,93,68,3.13,broken clouds
108,Chara,RU,56.9064,118.2631,60.04,43,100,2.24,overcast clouds
109,Kainantu,PG,-6.2887,145.8655,59.86,98,92,1.14,overcast clouds
110,Alugan,PH,12.2188,125.4808,78.04,89,99,4.21,overcast clouds
111,Dakoro,NE,14.5106,6.765,103.6,16,84,14.05,broken clouds
112,Verkhnevilyuysk,RU,63.4453,120.3167,43.66,90,99,1.88,overcast clouds
113,Ilulissat,GL,69.2167,-51.1,48.22,46,1,5.75,clear sky
114,Linfen,CN,36.0889,111.5189,76.28,14,2,1.92,light rain
115,Vestmanna,FO,62.1564,-7.1664,49.12,100,90,10.54,drizzle
116,Ponta Do Sol,PT,32.6667,-17.1,71.71,64,47,1.59,scattered clouds
117,Pirovskoye,RU,57.6267,92.2658,43.59,61,73,6.2,broken clouds
118,Castro,BR,-24.7911,-50.0119,73.47,49,1,8.43,clear sky
119,Newark,US,40.7357,-74.1724,91.92,48,20,1.01,few clouds
120,Abaete,BR,-19.16,-45.4458,82.65,37,10,6.26,clear sky
121,Saint-Augustin,CA,51.226,-58.6502,51.28,85,99,8.75,overcast clouds
122,Sitka,US,57.0531,-135.33,51.69,76,75,0.0,broken clouds
123,Cidreira,BR,-30.1811,-50.2056,78.15,58,2,6.49,clear sky
124,Axim,GH,4.8699,-2.2405,82.02,73,58,10.6,broken clouds
125,Tuktoyaktuk,CA,69.4541,-133.0374,33.82,89,100,9.69,overcast clouds
126,Neftegorsk,RU,52.802,51.166,57.88,72,93,12.53,overcast clouds
127,Yellowknife,CA,62.456,-114.3525,62.29,58,100,8.55,overcast clouds
128,Cosala,MX,24.4125,-106.6908,85.12,32,0,4.7,clear sky
129,Faanui,PF,-16.4833,-151.75,80.92,72,99,8.25,overcast clouds
130,Thompson,CA,55.7435,-97.8558,69.57,44,78,10.29,broken clouds
131,Rawson,AR,-43.3002,-65.1023,52.21,43,1,24.58,clear sky
132,Imphal,IN,24.8167,93.95,68.16,95,45,1.03,scattered clouds
133,Kabelvag,NO,68.2114,14.4817,55.42,63,25,10.0,scattered clouds
134,Carnarvon,AU,-24.8667,113.6333,60.87,77,86,6.91,overcast clouds
135,Qaanaaq,GL,77.484,-69.3632,38.07,82,100,5.14,overcast clouds
136,Almansa,ES,38.8692,-1.0971,68.07,75,100,6.51,light rain
137,Paea,PF,-17.6833,-149.5833,76.71,78,40,9.01,scattered clouds
138,Dengzhou,CN,37.8086,120.7508,68.56,38,1,10.07,clear sky
139,Mazagao,BR,-0.115,-51.2894,93.25,56,12,5.82,few clouds
140,Souillac,MU,-20.5167,57.5167,74.35,79,26,7.02,scattered clouds
141,Imbituba,BR,-28.24,-48.6703,78.69,56,0,10.98,clear sky
142,Yerbogachen,RU,61.2767,108.0108,44.56,69,100,2.01,overcast clouds
143,Avera,US,33.194,-82.5271,89.47,58,100,5.44,overcast clouds
144,Maragogi,BR,-9.0122,-35.2225,79.63,81,12,12.86,few clouds
145,Havelock,US,34.8791,-76.9013,88.02,78,75,4.61,broken clouds
146,Tarata,BO,-17.6167,-66.0167,68.99,29,66,4.21,broken clouds
147,Pyapon,MM,16.2833,95.6833,84.15,73,99,10.29,light rain
148,Kipushi,CD,-11.7667,27.2333,65.84,51,56,4.07,broken clouds
149,Krishnanagar,IN,23.4,88.5,85.77,67,86,10.07,overcast clouds
150,Maniitsoq,GL,65.4167,-52.9,39.27,95,100,9.78,overcast clouds
151,Puerto Colombia,CO,10.9878,-74.9547,83.37,76,92,14.99,overcast clouds
152,Kavieng,PG,-2.5744,150.7967,81.5,80,86,9.06,moderate rain
153,Kabompo,ZM,-13.5927,24.2008,65.07,43,39,5.86,scattered clouds
154,Salalah,OM,17.0151,54.0924,82.49,89,20,3.44,few clouds
155,Bambous Virieux,MU,-20.3428,57.7575,74.21,73,16,8.57,few clouds
156,Ipixuna,BR,-1.7625,-48.8043,89.55,66,28,2.64,scattered clouds
157,Semey,KZ,50.4111,80.2275,52.23,48,10,7.9,clear sky
158,Pitimbu,BR,-7.4706,-34.8086,84.79,66,13,12.24,few clouds
159,Broome,US,42.2506,-75.833,87.66,44,1,4.0,clear sky
160,Kirensk,RU,57.7853,108.1119,51.66,96,100,8.14,moderate rain
161,Ust-Maya,RU,60.4167,134.5333,55.99,71,5,3.27,clear sky
162,Krusevac,RS,43.58,21.3339,81.12,63,24,1.66,few clouds
163,Ferrol,ES,43.4832,-8.2369,73.65,78,6,17.56,clear sky
164,Marktredwitz,DE,50.005,12.0811,64.96,96,89,1.01,overcast clouds
165,Margate,GB,51.3813,1.3862,71.46,82,57,6.24,broken clouds
166,Tubmanburg,LR,6.8708,-10.8172,82.26,83,88,4.61,light rain
167,Georgetown,MY,5.4112,100.3354,80.89,89,20,1.01,heavy intensity rain
168,Asyut,EG,27.181,31.1837,85.96,17,0,13.6,clear sky
169,Elat,IL,29.5581,34.9482,85.71,24,0,14.79,clear sky
170,Opglabbeek,BE,51.0427,5.5805,65.43,83,75,7.67,mist
171,Alamo,MX,20.9167,-97.6833,87.44,60,72,1.74,broken clouds
172,Castanos,MX,26.7833,-101.4167,85.35,45,20,2.93,few clouds
173,Canchungo,GW,12.0672,-16.0333,87.8,53,49,11.12,scattered clouds
174,Qeshm,IR,26.9581,56.2719,91.27,87,0,6.42,clear sky
175,Russell,US,32.3502,-85.1999,88.75,62,40,4.54,scattered clouds
176,High Level,CA,58.5169,-117.136,68.88,34,21,1.95,few clouds
177,La Ronge,CA,55.1001,-105.2842,63.46,56,100,1.57,overcast clouds
178,Port Alfred,ZA,-33.5906,26.891,61.59,83,0,14.29,clear sky
179,Tiksi,RU,71.6872,128.8694,34.0,79,100,3.94,overcast clouds
180,Ucluelet,CA,48.9329,-125.5528,57.09,92,82,1.01,broken clouds
181,San Patricio,US,28.017,-97.5169,87.03,61,3,8.46,clear sky
182,Talaya,RU,61.3833,152.75,39.0,78,89,6.2,overcast clouds
183,Camana,PE,-16.6228,-72.7111,66.78,77,9,6.62,clear sky
184,Esperance,AU,-33.8667,121.9,56.32,61,97,13.98,overcast clouds
185,Norman Wells,CA,65.282,-126.8329,36.36,97,100,10.8,light rain
186,Sanmenxia,CN,34.7747,111.1814,74.16,20,0,2.68,light rain
187,Dunedin,NZ,-45.8742,170.5036,50.81,60,100,11.99,overcast clouds
188,Arraial Do Cabo,BR,-22.9661,-42.0278,76.86,78,0,21.85,clear sky
189,Boa Viagem,BR,-5.1275,-39.7322,91.24,31,2,7.61,clear sky
190,Aljezur,PT,37.3191,-8.8033,68.05,64,2,14.09,clear sky
191,Palmerston,AU,-12.486,130.9833,69.78,51,95,8.86,overcast clouds
192,Moron,AR,-34.6534,-58.6198,61.0,62,100,9.48,overcast clouds
193,Camacha,PT,33.0833,-16.3333,65.62,64,75,14.97,broken clouds
194,Bay Roberts,CA,47.5999,-53.2648,59.65,87,94,4.0,overcast clouds
195,Dhidhdhoo,MV,6.8833,73.1,82.9,77,100,15.77,overcast clouds
196,Manzil Salim,TN,35.8567,8.4765,86.0,24,97,10.67,overcast clouds
197,Tugulym,RU,57.0591,64.6425,60.87,63,11,7.92,few clouds
198,Ambanja,MG,-13.6833,48.45,73.13,91,59,1.86,light rain
199,La Peca,PE,-5.6111,-78.435,79.81,64,52,3.0,light rain
200,Chuy,UY,-33.6971,-53.4616,63.95,98,100,4.97,moderate rain
201,Provideniya,RU,64.3833,-173.3,36.66,92,100,4.41,overcast clouds
202,Hobyo,SO,5.3505,48.5268,78.96,80,13,24.29,few clouds
203,Mount Gambier,AU,-37.8333,140.7667,53.51,100,90,10.36,fog
204,Vila Franca Do Campo,PT,37.7167,-25.4333,68.41,71,76,4.97,broken clouds
205,Lixourion,GR,38.2019,20.4314,75.2,64,0,5.99,clear sky
206,Kodiak,US,57.79,-152.4072,53.11,54,1,9.22,clear sky
207,Bagdarin,RU,54.4333,113.6,54.34,59,96,1.79,overcast clouds
208,Ternate,ID,0.8,127.4,80.67,79,67,4.45,broken clouds
209,Chokurdakh,RU,70.6333,147.9167,50.49,77,93,9.17,overcast clouds
210,Kununurra,AU,-15.7667,128.7333,64.38,52,75,4.61,broken clouds
211,Sinnamary,GF,5.3833,-52.95,82.72,75,52,11.63,light rain
212,Clyde River,CA,70.4692,-68.5914,33.19,98,100,7.18,overcast clouds
213,Aitape,PG,-3.1374,142.3475,76.39,86,22,4.27,few clouds
214,Bull Savanna,JM,17.8868,-77.5902,85.1,60,1,18.25,clear sky
215,New Norfolk,AU,-42.7826,147.0587,45.9,67,63,2.28,broken clouds
216,Aksu,CN,41.1231,80.2644,81.79,17,36,9.46,scattered clouds
217,Iskateley,RU,67.6803,53.1512,47.17,69,100,14.16,overcast clouds
218,Oranjestad,AW,12.524,-70.027,87.75,66,20,24.16,few clouds
219,Itoman,JP,26.1247,127.6694,79.57,96,75,12.66,heavy intensity rain
220,Arvika,SE,59.6553,12.5852,75.81,48,96,6.82,overcast clouds
221,Bam,IR,29.106,58.357,98.33,6,2,6.08,clear sky
222,Uvarovka,RU,55.5278,35.6061,59.72,72,68,4.12,light rain
223,Mauguio,FR,43.6181,4.0074,83.34,47,0,12.66,clear sky
224,Rafaela,AR,-31.2503,-61.4867,68.05,73,100,8.01,overcast clouds
225,Kelvington,CA,52.1667,-103.5343,76.33,52,100,15.86,overcast clouds
226,Banjarmasin,ID,-3.3244,114.591,77.14,94,51,4.03,broken clouds
227,Henties Bay,NA,-22.116,14.2845,71.62,42,0,8.08,clear sky
228,Sohag,EG,26.557,31.6948,87.04,18,2,15.7,clear sky
229,Saint Anthony,US,45.0205,-93.218,91.83,40,1,3.0,clear sky
230,Fort Saint James,CA,54.4333,-124.25,55.99,41,68,8.79,broken clouds
231,Beloha,MG,-25.1667,45.05,64.92,74,63,10.58,broken clouds
232,Mayo,US,38.8876,-76.5119,92.86,46,1,3.0,clear sky
233,Bathsheba,BB,13.2167,-59.5167,88.41,55,40,19.91,scattered clouds
234,Bandundu,CD,-3.3167,17.3667,85.42,42,68,2.04,broken clouds
235,Aguimes,ES,27.9054,-15.4461,70.75,73,20,26.46,few clouds
236,Maceio,BR,-9.6658,-35.7353,81.84,74,75,14.14,broken clouds
237,Malaya Vishera,RU,58.8454,32.2222,69.4,56,28,1.77,scattered clouds
238,Maloy,NO,61.9353,5.1136,58.73,89,99,3.89,light rain
239,Mana,GF,5.6592,-53.7767,82.29,80,51,11.41,moderate rain
240,Waingapu,ID,-9.6567,120.2641,76.15,88,78,6.82,broken clouds
241,Gamba,GA,-2.65,10.0,78.35,83,63,7.47,broken clouds
242,Faya,SA,18.3851,42.4509,73.92,57,13,6.49,few clouds
243,Vila Velha,BR,-20.3297,-40.2925,79.97,81,75,3.0,broken clouds
244,Shushtar,IR,32.0455,48.8567,106.39,8,0,8.08,clear sky
245,Nelson Bay,AU,-32.7167,152.15,50.0,61,71,15.75,broken clouds
246,Xiaoweizhai,CN,26.1903,107.5125,63.75,72,39,3.24,light rain
247,Chaiya,TH,9.3862,99.1986,78.55,86,97,5.23,overcast clouds
248,Biak,ID,-0.9131,122.8766,76.3,80,96,5.79,overcast clouds
249,George Town,MY,5.4112,100.3354,80.89,89,20,1.01,heavy intensity rain
250,Albanel,CA,48.8832,-72.4487,70.29,69,98,12.12,overcast clouds
251,Vestmannaeyjar,IS,63.4427,-20.2734,47.39,100,90,23.02,mist
252,Finschhafen,PG,-6.6024,147.8681,77.04,88,85,5.1,overcast clouds
253,Fukue,JP,32.6881,128.8419,66.9,83,91,8.01,overcast clouds
254,Te Anau,NZ,-45.4167,167.7167,39.06,91,25,1.79,scattered clouds
255,Santa Ana,US,33.7456,-117.8678,78.37,71,75,1.99,broken clouds
256,Mahibadhoo,MV,3.7833,72.9667,83.03,77,79,15.35,broken clouds
257,Miyako,JP,39.6367,141.9525,61.74,83,100,5.21,overcast clouds
258,Scarborough,GB,54.2797,-0.4044,70.65,61,33,11.99,scattered clouds
259,Antsohihy,MG,-14.8796,47.9875,73.83,87,83,3.0,light rain
260,Saldanha,ZA,-33.0117,17.9442,60.84,53,1,10.4,clear sky
261,Aykhal,RU,66.0,111.5,39.38,60,18,11.81,few clouds
262,Sao Joao Da Barra,BR,-21.6403,-41.0511,77.09,73,11,6.2,few clouds
263,Svetlogorsk,BY,52.6333,29.7333,61.95,72,100,4.88,overcast clouds
264,Goba,ET,7.0167,39.9833,51.64,93,67,3.56,light rain
265,Luderitz,NA,-26.6481,15.1594,68.14,39,0,8.75,clear sky
266,Disna,BY,55.568,28.1971,64.09,70,92,1.97,overcast clouds
267,Belyy Yar,RU,53.6039,91.3903,44.49,87,75,12.37,light rain
268,Tumpat,MY,6.1978,102.171,78.98,87,82,5.59,moderate rain
269,Bubaque,GW,11.2833,-15.8333,79.57,82,90,9.66,overcast clouds
270,Alofi,NU,-19.0595,-169.9187,74.5,71,82,16.31,broken clouds
271,Odienne,CI,9.51,-7.5692,95.36,33,39,0.83,light rain
272,Texarkana,US,33.4251,-94.0477,74.34,91,90,1.99,mist
273,Sangar,RU,63.9242,127.4739,48.11,78,95,13.35,overcast clouds
274,Usinsk,RU,65.9939,57.5281,55.65,68,100,14.52,overcast clouds
275,Gornopravdinsk,RU,60.05,69.9,62.64,60,63,7.96,broken clouds
276,Cabedelo,BR,-6.9811,-34.8339,84.87,68,16,14.25,few clouds
277,Porto Velho,BR,-8.7619,-63.9039,91.45,49,20,8.05,few clouds
278,Mount Isa,AU,-20.7333,139.5,58.77,47,75,9.22,broken clouds
279,Lamu,KE,-2.2717,40.902,78.49,81,61,14.43,broken clouds
280,Guadalajara,MX,20.6667,-103.3333,77.99,48,40,1.1,scattered clouds
281,Gweta,BW,-20.1833,25.2333,61.84,30,0,13.2,clear sky
282,Wuwei,CN,37.9281,102.6414,73.02,13,80,9.89,broken clouds
283,Arkhangelsk,RU,64.5401,40.5433,73.51,46,0,3.11,clear sky
284,Howard Springs,AU,-12.497,131.047,69.71,54,97,7.52,overcast clouds
285,Vardo,NO,70.3705,31.1107,44.58,70,40,19.57,scattered clouds
286,Tira Sujanpur,IN,31.8333,76.5,78.04,54,100,4.9,overcast clouds
287,Shush,IR,32.1942,48.2436,106.12,8,4,10.56,clear sky
288,Khromtau,KZ,50.2503,58.4347,55.26,42,98,9.64,overcast clouds
289,Yaring,TH,6.8662,101.3689,79.03,86,71,9.73,broken clouds
290,Onega,RU,63.9061,38.1404,66.76,51,70,2.8,broken clouds
291,Ajdabiya,LY,30.7554,20.2263,75.45,51,0,19.55,clear sky
292,Laguna,US,38.421,-121.4238,86.61,52,1,4.0,clear sky
293,Canora,CA,51.6333,-102.4343,79.93,51,100,17.74,overcast clouds
294,Leningradskiy,RU,69.3833,178.4167,33.85,94,100,10.83,overcast clouds
295,Ancud,CL,-41.8697,-73.8203,52.43,70,72,3.22,light rain
296,Yulara,AU,-25.2406,130.9889,44.44,70,0,4.61,clear sky
297,Kruisfontein,ZA,-34.0033,24.7314,56.88,61,0,6.71,clear sky
298,Radhan,PK,27.1833,67.95,98.8,22,5,7.63,clear sky
299,Chibombo,ZM,-14.6569,28.0706,58.77,54,13,6.53,few clouds
300,Naters,CH,46.3254,7.9891,65.34,84,100,4.76,light rain
301,Marquette,US,46.5333,-87.6335,76.44,63,96,6.51,overcast clouds
302,Tirlyanskiy,RU,54.2109,58.5806,47.44,65,2,1.21,clear sky
303,Berlevag,NO,70.8578,29.0864,42.24,75,69,16.89,broken clouds
304,Vyartsilya,RU,62.1764,30.693,67.96,56,100,3.89,overcast clouds
305,Omboue,GA,-1.5746,9.2618,78.6,86,100,7.14,overcast clouds
306,Santa Isabel Do Rio Negro,BR,-0.4139,-65.0192,89.2,56,30,4.34,scattered clouds
307,Cabo San Lucas,MX,22.8909,-109.9124,98.82,37,1,9.22,clear sky
308,Melenki,RU,55.3343,41.6295,60.39,82,49,7.0,scattered clouds
309,Bonthe,SL,7.5264,-12.505,83.68,72,92,8.48,overcast clouds
310,Sambava,MG,-14.2667,50.1667,74.93,84,92,3.89,overcast clouds
311,Grand Gaube,MU,-20.0064,57.6608,74.37,80,6,3.0,clear sky
312,Santa Isabel,BR,-23.3156,-46.2214,80.65,35,0,5.1,clear sky
313,Ovsyanka,RU,55.9575,92.5519,47.37,83,100,4.74,overcast clouds
314,Pevek,RU,69.7008,170.3133,42.21,92,100,12.15,overcast clouds
315,San Isidro,PE,-12.1167,-77.05,66.25,93,90,1.99,overcast clouds
316,Phangnga,TH,8.4509,98.5298,84.9,91,100,2.91,overcast clouds
317,Makakilo City,US,21.3469,-158.0858,75.69,67,1,3.44,clear sky
318,Santarem,BR,-2.4431,-54.7083,86.13,79,20,10.36,few clouds
319,Volot,RU,57.9278,30.7025,65.34,70,48,4.76,scattered clouds
320,Sabang,ID,5.8933,95.3214,83.26,73,100,15.7,overcast clouds
321,Bulawayo,ZW,-20.15,28.5833,47.89,65,8,12.77,clear sky
322,Impfondo,CG,1.6381,18.0667,70.68,97,97,3.65,moderate rain
323,Koulikoro,ML,14.0,-7.75,109.11,9,14,12.33,few clouds
324,Yeniseysk,RU,58.4497,92.1703,44.38,61,65,5.5,broken clouds
325,Lasa,IT,46.6166,10.7002,63.34,79,62,1.9,broken clouds
326,Sept-Iles,CA,50.2001,-66.3821,53.26,96,100,3.0,overcast clouds
327,Yining,CN,29.0361,114.5636,64.69,78,12,2.44,few clouds
328,Tacuarembo,UY,-31.7333,-55.9833,66.99,87,100,13.27,moderate rain
329,Grand Forks,US,47.9417,-97.4337,84.13,53,75,9.22,broken clouds
330,Lorengau,PG,-2.0226,147.2712,80.29,80,74,4.07,broken clouds
331,Belmonte,BR,-15.8631,-38.8828,81.1,67,38,10.18,scattered clouds
332,Kurumkan,RU,54.3,110.3,65.79,36,42,1.95,scattered clouds
333,Klaksvik,FO,62.2266,-6.589,50.92,90,55,13.15,broken clouds
334,Banyo,CM,6.75,11.8167,68.92,76,99,0.51,overcast clouds
335,Sobolevo,RU,54.4299,31.8996,61.79,75,72,4.32,broken clouds
336,Magaria,NE,12.9983,8.9099,102.88,15,80,11.18,broken clouds
337,Mandan,US,46.8267,-100.8896,93.04,33,1,4.0,clear sky
338,Itarema,BR,-2.9248,-39.9167,87.21,51,0,13.78,clear sky
339,Bristol,US,41.8334,-71.1662,90.93,59,20,3.0,few clouds
340,Nanuque,BR,-17.8392,-40.3539,85.75,45,47,10.67,scattered clouds
341,Frontera,MX,26.9333,-101.45,87.33,45,20,2.91,few clouds
342,Nazareno,MX,25.3833,-103.4167,80.91,22,2,2.39,clear sky
343,Port Hedland,AU,-20.3167,118.5667,71.65,60,90,5.75,overcast clouds
344,Fairbanks,US,64.8378,-147.7164,58.91,61,1,3.44,clear sky
345,Tochio,JP,37.4667,139.0,58.55,85,100,3.38,overcast clouds
346,Iqaluit,CA,63.7506,-68.5145,33.53,86,75,5.99,light snow
347,Oda,JP,35.1833,132.5,62.13,79,100,7.52,light rain
348,Nome,US,64.5011,-165.4064,33.87,86,90,5.75,light snow
349,Havoysund,NO,70.9963,24.6622,43.68,77,90,13.89,overcast clouds
350,Tawau,MY,4.2498,117.8871,79.66,80,94,2.62,overcast clouds
351,Black River,JM,18.0264,-77.8487,86.0,57,3,16.73,clear sky
352,Ngunguru,NZ,-35.6167,174.5,60.17,84,100,20.58,light rain
353,Xianyang,CN,34.3378,108.7026,72.64,53,0,2.86,clear sky
354,Falam,MM,22.9167,93.6833,63.88,88,72,3.24,broken clouds
355,Kavaratti,IN,10.5669,72.642,82.74,77,100,13.91,overcast clouds
356,Dauphin,CA,51.1494,-100.0502,79.88,51,99,12.12,overcast clouds
357,Muros,ES,42.7762,-9.0603,77.68,51,6,14.52,clear sky
358,Nanortalik,GL,60.1432,-45.2371,45.79,66,98,11.86,overcast clouds
359,Hasaki,JP,35.7333,140.8333,66.6,80,95,6.71,overcast clouds
360,Pomoryany,UA,49.6409,24.9307,63.09,81,93,3.42,overcast clouds
361,Inuvik,CA,68.3499,-133.7218,33.84,85,100,11.21,overcast clouds
362,Aasiaat,GL,68.7098,-52.8699,38.35,80,65,10.8,broken clouds
363,Dongkan,CN,33.9997,119.8308,76.51,49,54,12.01,light rain
364,Lexington Park,US,38.2668,-76.4538,90.36,54,1,1.99,clear sky
365,Pingliang,CN,35.5392,106.6861,66.16,25,50,3.65,scattered clouds
366,Nisia Floresta,BR,-6.0911,-35.2086,86.81,59,30,13.65,scattered clouds
367,Lavumisa,SZ,-27.31,31.892,58.01,76,30,3.38,scattered clouds
368,Fengzhen,CN,40.4394,113.1536,61.05,30,42,3.27,scattered clouds
369,Udachnyy,RU,66.4167,112.4,43.11,56,14,13.71,few clouds
370,Kabare,CD,-2.4683,28.8242,62.44,93,80,2.89,broken clouds
371,Teya,RU,60.3778,92.6267,46.4,61,45,9.31,scattered clouds
372,Pandan,PH,14.0453,124.1694,80.08,84,39,5.73,scattered clouds
373,Mayumba,GA,-3.432,10.6554,78.49,84,67,6.73,broken clouds
374,Carlsbad,US,33.1581,-117.3506,80.28,77,90,4.0,overcast clouds
375,Lucknow,IN,26.85,80.9167,87.78,70,75,5.01,haze
376,Ada,US,43.4166,-116.1262,78.15,22,1,13.0,clear sky
377,Salto Del Guaira,PY,-24.0625,-54.3069,82.69,40,49,9.64,scattered clouds
378,Mlimba,TZ,-8.8,35.8167,69.98,90,84,2.66,light rain
379,Male,MV,4.1748,73.5089,82.71,78,87,15.93,overcast clouds
380,Adeje,ES,28.1227,-16.726,72.52,52,20,5.99,few clouds
381,Andenes,NO,69.3143,16.1194,51.46,81,30,9.22,scattered clouds
382,Poum,NC,-20.2333,164.0167,73.45,80,100,23.15,overcast clouds
383,Tirumullaivasal,IN,11.2333,79.8333,81.91,78,100,11.99,overcast clouds
384,Zhengjiatun,CN,43.5064,123.5064,58.08,73,100,7.49,overcast clouds
385,Asau,RO,46.4333,26.4,68.92,93,83,4.9,broken clouds
386,Mildura,AU,-34.2,142.15,49.98,86,2,7.72,clear sky
387,Houma,US,29.5958,-90.7195,75.99,90,90,12.66,light rain
388,Alamosa,US,37.4695,-105.87,76.51,37,1,0.0,clear sky
389,Karatau,KZ,43.1667,70.4667,75.61,41,56,17.18,broken clouds
390,Santa Rosalia,MX,27.3167,-112.2833,89.53,26,1,2.89,clear sky
391,Biograd Na Moru,HR,43.9433,15.4519,77.7,55,1,3.47,clear sky
392,Ngawi,ID,-7.4038,111.4461,75.74,87,73,1.5,broken clouds
393,Yartsevo,RU,55.0667,32.6964,61.84,68,77,2.71,broken clouds
394,Shediac,CA,46.2198,-64.5411,83.08,49,90,13.22,overcast clouds
395,Toyokawa,JP,34.8167,137.4,69.17,89,100,2.08,overcast clouds
396,Cockburn Town,TC,21.4612,-71.1419,85.96,62,40,16.11,scattered clouds
397,Srednekolymsk,RU,67.45,153.6833,59.81,42,4,17.07,clear sky
398,Nosy Varika,MG,-20.5833,48.5333,72.77,82,45,3.0,light rain
399,Antofagasta,CL,-23.65,-70.4,63.68,70,4,6.62,clear sky
400,Saint-Francois,FR,46.4154,3.9054,60.67,87,90,6.91,overcast clouds
401,Copiapo,CL,-27.3667,-70.3333,60.49,47,33,4.99,scattered clouds
402,Manta,EC,-0.95,-80.7333,82.18,69,40,6.91,scattered clouds
403,Ust-Nera,RU,64.5667,143.2,60.24,53,19,3.11,few clouds
404,Coihaique,CL,-45.5752,-72.0662,48.15,49,40,2.3,scattered clouds
405,Scottsbluff,US,41.8666,-103.6672,90.79,30,1,4.0,clear sky
406,Roma,US,43.2128,-75.4557,85.86,46,20,18.41,few clouds
407,Tura,IN,25.5198,90.2201,74.66,95,76,7.09,broken clouds
408,Meulaboh,ID,4.1363,96.1285,76.66,85,100,3.74,overcast clouds
409,Taua,BR,-5.9667,-40.3,92.12,23,1,11.41,clear sky
410,Oktyabrskoye,RU,43.0645,44.7417,57.34,93,90,1.59,overcast clouds
411,Kumluca,TR,36.3703,30.2869,71.47,62,22,5.21,few clouds
412,Hofn,IS,64.2539,-15.2082,48.67,82,98,5.75,overcast clouds
413,Artyom,AZ,40.4723,50.333,69.94,76,20,20.62,few clouds
414,Malanje,AO,-9.5402,16.341,67.71,39,100,3.27,overcast clouds
415,Ochakiv,UA,46.6128,31.5498,69.94,64,74,7.14,broken clouds
416,Libertador General San Martin,AR,-23.8064,-64.7876,81.97,36,33,4.94,scattered clouds
417,Poya,NC,-21.35,165.15,70.25,86,100,9.51,overcast clouds
418,Oktyabrskiy,RU,54.4815,53.471,54.45,74,63,3.56,broken clouds
419,Kuloy,RU,61.0305,42.4925,70.48,52,15,2.59,few clouds
420,Portland,US,45.5234,-122.6762,63.66,69,90,1.01,overcast clouds
421,Edgewater,US,28.9889,-80.9023,92.19,62,75,11.5,broken clouds
422,Kuzhithurai,IN,8.3167,77.1833,78.48,87,100,6.55,overcast clouds
423,Ixtapa,MX,20.7,-105.2,85.23,66,20,8.05,few clouds
424,Spirit River,CA,55.7833,-118.8361,61.75,38,27,15.66,scattered clouds
425,Madisonville,US,37.3281,-87.4989,85.95,45,23,4.12,few clouds
426,Nantucket,US,41.2835,-70.0995,73.08,88,75,10.36,broken clouds
427,Nemuro,JP,43.3236,145.575,52.86,85,59,15.26,broken clouds
428,Tambopata,PE,-12.7333,-69.1833,85.89,66,40,3.51,scattered clouds
429,Lufilufi,WS,-13.8745,-171.5986,73.18,76,17,3.94,light rain
430,Kenai,US,60.5544,-151.2583,61.03,66,1,8.05,clear sky
431,Darhan,MN,49.4867,105.9228,67.28,54,100,7.2,moderate rain
432,Waddan,LY,29.1614,16.139,88.47,12,24,12.97,few clouds
433,Aklavik,CA,68.2191,-135.0107,33.8,100,90,12.66,overcast clouds
434,Mugur-Aksy,RU,50.35,90.5,32.23,69,33,9.93,snow
435,Kaeo,NZ,-35.1,173.7833,60.33,94,100,16.02,light rain
436,Lagoa,PT,39.05,-27.9833,63.16,80,0,1.92,clear sky
437,Kahta,TR,37.7855,38.6237,76.37,24,10,5.28,clear sky
438,Waipawa,NZ,-41.4122,175.5153,56.03,79,83,5.84,broken clouds
439,Baykit,RU,61.67,96.37,38.97,73,34,4.21,scattered clouds
440,Port Blair,IN,11.6667,92.75,84.18,77,100,12.06,overcast clouds
441,Raudeberg,NO,61.9875,5.1352,57.87,89,99,3.56,light rain
442,Kedrovyy,RU,56.1667,91.8167,45.01,76,75,4.18,broken clouds
443,Necocli,CO,8.4234,-76.786,85.08,73,100,3.94,overcast clouds
444,Amga,RU,60.8953,131.9608,55.92,60,92,3.58,overcast clouds
445,Komsomolskiy,UZ,40.4272,71.7189,83.62,28,16,3.22,few clouds
446,Margau,RO,46.75,22.9667,56.75,90,74,2.64,broken clouds
447,Bauchi,NG,10.5,10.0,89.35,44,33,6.62,scattered clouds
448,Guangyuan,CN,32.442,105.823,70.02,68,78,2.86,broken clouds
449,Port-Gentil,GA,-0.7193,8.7815,79.41,84,96,11.25,overcast clouds
450,Kalmunai,LK,7.4167,81.8167,80.78,78,83,3.94,broken clouds
451,General Roca,AR,-39.0333,-67.5833,55.8,30,0,20.42,clear sky
452,Cayenne,GF,4.9333,-52.3333,80.64,88,75,4.0,light rain
453,Boueni,YT,-12.9025,45.0761,80.58,71,96,19.71,overcast clouds
454,Pangnirtung,CA,66.1451,-65.7125,35.24,93,73,3.31,broken clouds
455,Igarapava,BR,-20.0383,-47.7469,87.06,26,14,7.94,few clouds
456,Huarmey,PE,-10.0681,-78.1522,70.97,70,34,12.39,scattered clouds
457,Grand Baie,MU,-20.0182,57.5802,74.44,80,7,3.0,clear sky
458,Rio Grande,BR,-32.035,-52.0986,73.51,70,33,2.91,scattered clouds
459,San Jeronimo,PE,-11.9472,-75.2829,60.84,43,11,3.56,few clouds
460,Bud,US,39.447,-86.1758,83.91,57,0,10.04,clear sky
461,Antalaha,MG,-14.9003,50.2788,73.47,88,95,3.15,overcast clouds
462,Kyshtovka,RU,56.555,76.6271,54.32,82,56,10.92,broken clouds
463,Daru,PG,-9.0763,143.2092,76.23,91,100,10.76,overcast clouds
464,Thinadhoo,MV,0.5333,72.9333,83.07,78,100,14.83,overcast clouds
465,Bethel,US,41.3712,-73.414,90.36,57,1,1.99,clear sky
466,General Jose Eduvigis Diaz,PY,-27.1667,-58.4167,79.02,52,100,8.08,overcast clouds
467,Kortkeros,RU,61.8106,51.5806,75.2,47,41,5.53,scattered clouds
468,Vanimo,PG,-2.6741,141.3028,75.22,87,68,4.0,broken clouds
469,Paducah,US,37.0834,-88.6001,84.56,55,1,4.52,clear sky
470,Tual,ID,-5.6667,132.75,80.91,78,94,18.41,overcast clouds
471,Yebaishou,CN,41.3975,119.6408,60.82,53,78,3.98,broken clouds
472,Konya,TR,38.1667,32.5,58.48,35,25,10.33,scattered clouds
473,Samarai,PG,-10.6167,150.6667,77.72,88,100,15.73,overcast clouds
474,Sioux Lookout,CA,50.1001,-91.917,77.7,46,37,6.6,scattered clouds
475,Ostrovnoy,RU,68.0531,39.5131,43.7,78,83,15.61,broken clouds
476,Yatou,CN,37.15,122.3833,62.91,67,0,5.23,clear sky
477,Evensk,RU,61.95,159.2333,41.29,95,100,3.58,light rain
478,Quatre Cocos,MU,-20.2078,57.7625,74.08,74,16,7.9,few clouds
479,Amuntai,ID,-2.4177,115.2494,76.8,85,100,0.98,overcast clouds
480,Makurdi,NG,7.7411,8.5121,81.34,71,90,8.14,overcast clouds
481,Ornskoldsvik,SE,63.2909,18.7153,72.55,53,90,4.54,overcast clouds
482,Goldap,PL,54.3063,22.3036,64.74,75,15,5.95,few clouds
483,Ahipara,NZ,-35.1667,173.1667,59.52,86,100,16.8,light rain
484,Soe,ID,-9.8607,124.284,64.67,95,36,3.94,scattered clouds
485,Saint-Georges,GD,12.0564,-61.7485,76.68,100,75,5.75,broken clouds
486,Dongsheng,CN,39.8161,109.9776,68.49,16,91,13.04,overcast clouds
487,Kodinsk,RU,58.6881,99.1844,42.94,55,72,2.93,broken clouds
488,Touros,BR,-5.1989,-35.4608,86.9,61,14,16.55,few clouds
489,Bannu,PK,32.9854,70.6027,94.35,22,29,4.85,scattered clouds
490,Kirakira,SB,-10.4544,161.9205,78.15,80,100,3.22,overcast clouds
491,Alta Floresta,BR,-9.8756,-56.0861,88.93,43,100,2.95,overcast clouds
492,Pontianak,ID,-0.0333,109.3333,78.78,100,90,2.57,overcast clouds
493,Lompoc,US,34.6391,-120.4579,69.69,85,90,6.31,overcast clouds
494,Arman,RU,59.7,150.1667,40.68,94,100,8.9,light rain
495,Ormara,PK,25.2088,64.6357,84.07,77,33,5.68,scattered clouds
496,Toora-Khem,RU,52.4675,96.11,41.5,91,99,9.57,overcast clouds
497,Aracati,BR,-4.5617,-37.7697,89.28,46,0,11.16,clear sky
498,Mehamn,NO,71.0357,27.8492,42.35,75,62,17.09,broken clouds
499,Estelle,US,29.8458,-90.1067,75.99,87,90,13.8,light rain
500,Takaka,NZ,-40.85,172.8,58.96,96,100,7.43,moderate rain
501,Anupgarh,IN,29.1911,73.2086,89.35,33,70,13.09,broken clouds
502,Lavrentiya,RU,65.5833,-171.0,32.27,90,96,9.62,overcast clouds
503,Namibe,AO,-15.1961,12.1522,75.0,61,1,3.65,clear sky
504,Tezu,IN,27.9167,96.1667,71.51,97,99,3.22,overcast clouds
505,Poli,TZ,-3.3333,36.8,59.68,72,76,2.44,broken clouds
506,Rochegda,RU,62.8,43.25,70.39,45,6,3.51,clear sky
507,Puerto Madero,MX,14.7208,-92.4215,82.6,89,75,8.05,broken clouds
508,Chimoio,MZ,-19.1164,33.4833,55.26,88,20,5.75,few clouds
509,Zonguldak,TR,41.25,31.8333,52.52,77,39,1.28,scattered clouds
510,Ratnagiri,IN,16.9833,73.3,80.87,82,97,3.4,moderate rain
511,Puerto Lleras,CO,3.0223,-73.4044,86.09,59,61,1.52,broken clouds
512,Bemidji,US,47.4736,-94.8803,93.49,40,1,5.75,clear sky
513,Sebeta,ET,8.9167,38.6167,68.04,32,90,6.89,overcast clouds
514,Syriam,MM,16.7722,96.2378,82.51,83,40,11.52,scattered clouds
515,Bambanglipuro,ID,-7.95,110.2833,59.61,91,81,4.65,broken clouds
516,Alice Springs,AU,-23.7,133.8833,38.75,75,0,5.61,clear sky
517,Rajapur,IN,25.3833,81.15,96.35,34,72,13.24,broken clouds
518,Kushima,JP,31.4583,131.2333,60.85,95,100,5.86,overcast clouds
519,Iberia,US,29.9502,-91.7507,77.97,94,75,11.05,broken clouds
520,Sinop,TR,41.7711,34.8709,55.83,86,93,2.77,overcast clouds
521,Jumla,NP,29.2747,82.1838,56.39,84,66,2.82,broken clouds
522,Namatanai,PG,-3.6667,152.4333,79.2,84,33,7.05,light rain
523,Ginir,ET,7.1333,40.7,60.62,84,77,7.16,broken clouds
524,Hambantota,LK,6.1241,81.1185,79.57,83,52,15.08,broken clouds
525,Svetlyy,RU,54.675,20.1347,64.45,75,19,7.07,few clouds
526,Makushino,RU,55.2103,67.2442,56.16,52,38,6.13,scattered clouds
527,Virginia Beach,US,36.8529,-75.978,88.05,64,75,6.91,broken clouds
528,Tautira,PF,-17.7333,-149.15,77.02,79,77,10.96,broken clouds
529,Tongren,CN,27.7172,109.1853,69.51,80,30,2.64,scattered clouds
530,Khovu-Aksy,RU,51.1333,93.6,40.42,77,94,5.57,overcast clouds
531,Temax,MX,21.15,-88.9333,94.77,39,90,7.02,overcast clouds
532,Sur,OM,22.5667,59.5289,89.96,57,0,11.77,clear sky
533,Petropavlovsk-Kamchatskiy,RU,53.0452,158.6483,40.44,96,100,17.22,light rain
534,Muisne,EC,0.6,-80.0333,82.51,87,99,11.63,overcast clouds
535,Shanhetun,CN,44.7,127.2,51.21,95,79,5.61,broken clouds
536,Stratonion,GR,40.5141,23.8247,77.36,64,18,6.02,few clouds
537,Matara,LK,5.9485,80.5353,78.6,88,80,10.85,broken clouds
538,Doha,QA,25.2867,51.5333,105.78,13,0,10.36,clear sky
539,Saint-Leu,RE,-21.15,55.2833,74.23,95,13,8.23,light rain
540,Charters Towers,AU,-20.1,146.2667,53.01,52,70,9.33,broken clouds
541,Kristiansund,NO,63.1115,7.732,66.25,59,75,12.66,broken clouds
542,Colares,PT,38.7992,-9.4469,74.44,51,20,21.27,few clouds
543,Porto Santo,PT,33.072,-16.3415,68.38,64,75,14.97,broken clouds
544,Krasnoarmeysk,RU,51.0239,45.6969,60.15,90,97,8.21,overcast clouds
545,Nanchang,CN,28.6833,115.8833,70.52,76,65,3.62,broken clouds
546,Bowen,AU,-20.0167,148.2333,58.95,70,55,9.04,broken clouds
547,Mamallapuram,IN,12.6264,80.1722,86.05,73,100,11.12,overcast clouds
548,Anderson,US,34.5334,-82.6499,88.79,54,40,1.01,scattered clouds
549,Naliya,IN,23.2667,68.8333,86.14,63,2,13.51,clear sky
550,Saveh,IR,35.0213,50.3566,93.22,9,0,12.21,clear sky
551,Tshela,CD,-4.9833,12.9333,78.49,83,98,4.18,overcast clouds
552,Lata,PT,40.1629,-8.3327,81.05,47,7,9.93,clear sky
553,Polignano A Mare,IT,40.9959,17.2159,85.12,53,80,8.34,broken clouds
554,Machico,PT,32.7,-16.7667,71.71,69,40,13.8,scattered clouds
555,Deskati,GR,39.9225,21.8028,70.32,45,73,3.24,broken clouds
556,San Cristobal,VE,7.7669,-72.225,84.38,53,82,7.47,broken clouds
557,Qingdao,CN,36.0986,120.3719,64.0,72,0,4.36,light rain
558,Lac Du Bonnet,CA,50.2536,-96.0612,83.75,29,63,2.1,broken clouds
559,Acarau,BR,-2.8856,-40.12,87.21,52,0,12.53,clear sky
560,Grindavik,IS,63.8424,-22.4338,53.56,93,90,24.56,light intensity drizzle rain
561,Ukiah,US,39.1502,-123.2078,82.04,31,1,4.61,clear sky
562,Sarakhs,IR,36.5449,61.1577,89.74,40,0,0.0,clear sky
563,Tabou,CI,4.423,-7.3528,81.39,79,82,10.11,light rain
564,Emet,TR,39.343,29.2585,56.39,61,25,8.01,scattered clouds
565,Lamar,US,33.6668,-95.5836,78.96,78,75,6.22,broken clouds
566,Sasso Marconi,IT,44.3995,11.2495,81.23,56,20,5.37,few clouds
567,Zambezi,ZM,-13.5432,23.1047,64.58,40,59,4.07,broken clouds
568,Atambua,ID,-9.1061,124.8925,71.08,88,36,4.85,scattered clouds
569,Ibicarai,BR,-14.865,-39.5875,78.66,71,42,7.81,scattered clouds
570,Scalea,IT,39.813,15.7956,72.43,56,77,1.79,broken clouds
571,Paamiut,GL,61.994,-49.6678,38.53,90,100,4.27,overcast clouds
572,Sola,VU,-13.8833,167.55,79.18,74,89,9.35,overcast clouds
573,Oyama,JP,36.3,139.8,73.58,74,100,0.76,overcast clouds
574,Comodoro Rivadavia,AR,-45.8667,-67.5,51.66,43,40,19.57,scattered clouds
575,Pamanukan,ID,-6.2842,107.8106,76.75,88,73,2.95,broken clouds
576,Hirara,JP,24.8,125.2833,82.02,87,100,26.73,overcast clouds
577,Honningsvag,NO,70.9821,25.9704,42.17,75,97,16.28,overcast clouds
578,Moquegua,PE,-17.1956,-70.9353,74.98,25,14,7.43,few clouds
579,Katobu,ID,-4.9408,122.5276,74.89,87,38,4.81,scattered clouds
580,Awbari,LY,26.5921,12.7805,97.74,10,0,16.58,clear sky
581,Tilichiki,RU,60.4667,166.1,39.6,87,99,0.27,overcast clouds
582,Berga,NO,60.392,5.328,63.01,72,75,4.56,broken clouds
583,Aden,YE,12.7794,45.0367,91.24,53,5,7.7,clear sky
584,Puerto Narino,CO,-3.7703,-70.3831,84.15,81,45,1.34,scattered clouds
585,Collierville,US,35.042,-89.6645,84.67,74,90,4.63,overcast clouds
586,Hovd,MN,48.0056,91.6419,53.89,30,20,13.82,few clouds
587,Yar-Sale,RU,66.8333,70.8333,42.31,64,61,9.57,broken clouds
588,Dingle,PH,10.9995,122.6711,76.28,93,46,2.13,light rain
589,Lahaina,US,20.8783,-156.6825,77.81,76,9,7.58,clear sky
590,Nicoya,CR,10.1483,-85.452,89.15,54,54,6.51,broken clouds
591,Port Maria,JM,18.3685,-76.8895,87.76,79,7,12.19,clear sky
592,Santa Cruz Cabralia,BR,-16.2781,-39.0247,80.83,69,40,8.93,scattered clouds
593,Constitucion,CL,-35.3333,-72.4167,57.4,53,69,10.07,broken clouds
594,Rapid City,US,44.0805,-103.231,93.72,35,20,1.01,few clouds
595,Flinders,AU,-34.5833,150.8552,51.39,59,79,3.0,broken clouds
596,Tahta,EG,26.7693,31.5021,87.28,17,0,15.79,clear sky
597,Mayskiy,RU,47.6931,40.1025,62.01,93,100,6.78,overcast clouds
598,Kudahuvadhoo,MV,2.6708,72.8944,83.35,76,93,14.52,overcast clouds
599,Burnie,AU,-41.0667,145.9167,48.81,75,68,7.96,broken clouds
600,Seymchan,RU,62.8833,152.4333,42.39,69,63,6.8,broken clouds
601,Yeppoon,AU,-23.1333,150.7333,51.58,64,3,7.63,clear sky
602,Dakar,SN,14.6937,-17.4441,86.88,78,19,10.89,few clouds
603,Nalut,LY,30.3333,10.85,96.17,11,24,16.71,few clouds
604,Ninghai,CN,29.2892,121.4247,67.73,95,20,2.33,few clouds
605,Sechelt,CA,49.4664,-123.7694,60.73,78,73,3.65,broken clouds
606,Malibu,US,34.005,-118.8101,76.69,80,90,1.01,overcast clouds
607,Najran,SA,17.4924,44.1277,86.09,10,10,6.78,clear sky
608,Ramnagar,IN,29.4,79.1167,83.97,38,35,6.11,scattered clouds
609,Gaoual,GN,11.75,-13.2,101.3,30,16,3.06,few clouds
610,Chumikan,RU,54.7183,135.315,34.57,96,94,1.45,overcast clouds
611,Balkhash,KZ,46.844,74.9804,64.87,33,0,20.62,clear sky
612,Hennebont,FR,47.8051,-3.2734,64.94,67,20,7.74,few clouds
613,Usevya,TZ,-7.1,31.2333,74.46,53,43,4.61,scattered clouds
614,Morant Bay,JM,17.8815,-76.4093,87.42,70,9,13.2,clear sky
615,Pilar Do Sul,BR,-23.8131,-47.7164,77.29,44,0,6.22,clear sky
616,Tecoanapa,MX,16.5167,-98.75,86.97,63,90,7.7,overcast clouds
617,Prudyanka,UA,50.2361,36.1683,59.25,95,100,6.31,light rain
618,Maningrida,AU,-12.0667,134.2667,63.73,80,51,9.22,broken clouds
619,Roald,NO,62.5833,6.1333,69.12,88,75,4.61,broken clouds
620,Kerema,PG,-7.9631,145.7785,75.22,89,88,4.92,overcast clouds
621,Zarubino,RU,42.63,131.0922,52.86,91,88,8.12,overcast clouds
622,Coxim,BR,-18.5067,-54.76,95.13,19,22,12.15,few clouds
623,Ambilobe,MG,-13.2,49.05,76.53,76,87,3.0,overcast clouds
624,Naya Bazar,IN,27.1333,88.2667,75.0,84,43,4.41,scattered clouds
625,Jiayuguan,CN,39.8167,98.3,69.28,39,100,23.91,overcast clouds
626,Sibi,PK,29.5448,67.8764,90.27,37,45,10.27,scattered clouds
627,Palana,RU,59.1167,159.9667,43.61,90,100,5.99,overcast clouds
628,Kashan,IR,33.9831,51.4364,98.01,9,11,12.82,few clouds
629,Quzhou,CN,28.9594,118.8686,66.51,87,4,1.54,clear sky
630,Mezen,RU,65.8522,44.24,55.63,76,53,8.99,light rain
631,Moree,AU,-29.4667,149.85,45.18,63,13,5.86,few clouds
632,Afogados Da Ingazeira,BR,-7.7508,-37.6392,89.53,36,0,14.58,clear sky
633,Lysva,RU,58.1086,57.8053,57.63,68,16,4.05,few clouds
634,Mvuma,ZW,-19.2792,30.5283,45.82,76,9,10.09,clear sky
635,Luang Prabang,LA,19.8856,102.1347,74.28,96,100,2.1,overcast clouds
636,Mitsamiouli,KM,-11.3847,43.2844,79.09,75,74,21.05,broken clouds
637,Husavik,IS,66.0449,-17.3389,53.49,73,53,8.9,broken clouds
638,Kirchlinteln,DE,52.95,9.3167,71.94,93,100,3.42,overcast clouds
639,Olinda,BR,-8.0089,-34.8553,80.33,65,40,10.18,scattered clouds
640,Otavi,NA,-19.65,17.3333,58.73,31,0,10.11,clear sky
641,Esmeraldas,BR,-19.7625,-44.3139,77.86,39,5,7.0,clear sky
642,Mahuta,TZ,-10.8667,39.45,70.29,64,99,4.03,overcast clouds
643,Lander,US,42.833,-108.7307,84.11,28,1,5.75,clear sky
644,Burns Lake,CA,54.2331,-125.7533,51.89,50,27,8.72,scattered clouds
645,Castrillon,ES,43.3979,-6.7922,68.22,62,20,7.2,few clouds
646,Ushtobe,KZ,45.2514,77.9838,59.81,35,1,22.75,clear sky
647,Chepareria,KE,1.3077,35.2039,63.52,79,100,2.59,overcast clouds
648,Serenje,ZM,-13.2325,30.2352,58.8,63,63,7.9,broken clouds
649,Kloulklubed,PW,7.0419,134.2556,77.5,85,100,9.08,overcast clouds
650,Arsk,RU,56.0915,49.8778,64.18,79,29,7.65,scattered clouds
651,Rio Gallegos,AR,-51.6226,-69.2181,35.65,75,0,14.97,clear sky
652,Half Moon Bay,US,37.4636,-122.4286,73.06,64,1,1.01,haze
653,Point Fortin,TT,10.1833,-61.6833,76.14,88,100,15.17,overcast clouds
654,Arkhangelskaya,RU,45.6796,40.2754,59.23,92,100,7.34,overcast clouds
655,Takhtamygda,RU,54.1,123.5667,48.63,62,1,2.28,clear sky
656,Bilma,NE,18.6853,12.9164,104.02,9,100,11.88,overcast clouds
657,Kirovskiy,RU,45.0917,133.5136,54.63,95,100,2.44,moderate rain
658,Payson,US,40.0444,-111.7321,87.33,28,1,4.21,clear sky
659,Kattivakkam,IN,13.2167,80.3167,86.07,86,100,12.5,overcast clouds
660,Kyzyl-Suu,KG,42.3414,78.0056,59.4,62,33,5.35,scattered clouds
661,Goderich,CA,43.7501,-81.7165,73.9,79,94,14.5,overcast clouds
662,Cheyenne,US,41.14,-104.8203,86.97,25,1,11.5,clear sky
663,Mtwara,TZ,-10.2667,40.1833,75.24,76,13,13.2,few clouds
664,Robertsganj,IN,24.7,83.0667,91.47,39,45,6.2,scattered clouds
665,Fonte Boa,BR,-2.4959,-66.2662,82.56,86,32,1.86,scattered clouds
666,Glyadyanskoye,RU,54.9075,65.0883,56.64,50,4,3.6,clear sky
667,Manicore,BR,-5.8092,-61.3003,93.45,45,68,3.02,broken clouds
668,Morondava,MG,-20.2833,44.2833,73.71,76,2,12.1,clear sky
669,Centralia,US,46.7162,-122.9543,59.02,77,75,5.75,moderate rain
670,Milkovo,RU,54.7167,158.6167,46.36,89,100,5.73,overcast clouds
671,Karaton,ID,-6.3424,106.1045,81.95,94,53,2.73,broken clouds
672,Pacific Grove,US,36.6177,-121.9166,67.42,74,20,3.0,few clouds
673,Bestobe,KZ,52.4994,73.0975,52.77,49,0,1.19,clear sky
674,Shaowu,CN,27.3409,117.4831,66.33,93,0,0.89,clear sky
675,Tateyama,JP,34.9833,139.8667,71.62,86,98,14.45,overcast clouds
676,Dicabisagan,PH,17.0818,122.4157,81.55,85,90,6.87,overcast clouds
677,Goma,CD,-1.6792,29.2228,64.67,87,40,4.36,light rain
678,Byron Bay,AU,-28.65,153.6167,50.88,89,8,8.97,clear sky
679,Goundam,ML,16.4145,-3.6708,111.47,7,3,12.44,clear sky
680,Egvekinot,RU,66.3167,-179.1667,32.31,83,93,1.74,overcast clouds
681,Pahrump,US,36.2083,-115.9839,98.31,15,0,1.99,clear sky
682,Tungor,RU,53.3808,142.9564,34.41,97,100,16.26,light rain
683,Tres Lagoas,BR,-20.7511,-51.6783,90.48,21,46,11.63,scattered clouds
684,Platonovka,RU,52.7106,41.952,55.98,91,48,9.31,light rain
685,Longwy,FR,49.5194,5.7688,62.82,87,100,1.01,overcast clouds
686,Alexandria,EG,31.2156,29.9553,72.1,70,0,14.94,clear sky
